region,dong,gubun,voters,votes,A,B,c1,c2,c3
목포시,용당1동,계,7426,3878,3239,281,67,127,43
목포시,용당1동,관내사전투표,1924,1923,1678,87,33,49,14
목포시,용당1동,선거일투표,5502,1955,1561,194,34,78,29
목포시,용당2동,계,3788,2035,1697,137,41,60,28
목포시,용당2동,관내사전투표,1157,1157,1000,68,21,33,14
목포시,용당2동,선거일투표,2631,878,697,69,20,27,14
목포시,연동,계,3089,1606,1361,103,19,35,24
목포시,연동,관내사전투표,802,802,704,24,10,21,11
목포시,연동,선거일투표,2287,804,657,79,9,14,13
목포시,산정동,계,6247,3329,2783,269,58,95,46
목포시,산정동,관내사전투표,1562,1561,1352,90,23,46,13
목포시,산정동,선거일투표,4685,1768,1431,179,35,49,33
목포시,연산동,계,6088,3014,2514,214,52,129,24
목포시,연산동,관내사전투표,1352,1352,1184,49,21,40,5
목포시,연산동,선거일투표,4736,1662,1330,165,31,89,19
목포시,원산동,계,8611,4441,3681,295,88,197,58
목포시,원산동,관내사전투표,2222,2222,1934,86,46,73,21
목포시,원산동,선거일투표,6389,2219,1747,209,42,124,37
목포시,대성동,계,3599,2080,1735,161,50,60,22
목포시,대성동,관내사전투표,1257,1257,1097,59,33,32,8
목포시,대성동,선거일투표,2342,823,638,102,17,28,14
목포시,목원동,계,4984,2676,2181,250,44,68,37
목포시,목원동,관내사전투표,1391,1391,1197,80,19,30,17
목포시,목원동,선거일투표,3593,1285,984,170,25,38,20
목포시,동명동,계,3615,1952,1659,114,31,51,24
목포시,동명동,관내사전투표,1162,1161,1018,52,16,26,7
목포시,동명동,선거일투표,2453,791,641,62,15,25,17
목포시,삼학동,계,4287,2414,2074,156,47,79,20
목포시,삼학동,관내사전투표,1354,1354,1206,56,23,44,10
목포시,삼학동,선거일투표,2933,1060,868,100,24,35,10
목포시,만호동,계,1807,959,767,76,19,32,19
목포시,만호동,관내사전투표,579,579,480,28,10,22,9
목포시,만호동,선거일투표,1228,380,287,48,9,10,10
목포시,유달동,계,3169,1760,1440,118,31,53,25
목포시,유달동,관내사전투표,1048,1048,873,53,13,35,9
목포시,유달동,선거일투표,2121,712,567,65,18,18,16
목포시,죽교동,계,2219,1208,955,108,29,41,20
목포시,죽교동,관내사전투표,736,735,604,46,16,23,12
목포시,죽교동,선거일투표,1483,473,351,62,13,18,8
목포시,북항동,계,6606,3626,3052,258,57,121,49
목포시,북항동,관내사전투표,2135,2135,1868,107,31,58,20
목포시,북항동,선거일투표,4471,1491,1184,151,26,63,29
목포시,용해동,계,11539,6000,5010,408,98,272,66
목포시,용해동,관내사전투표,3203,3201,2791,146,46,117,25
목포시,용해동,선거일투표,8336,2799,2219,262,52,155,41
목포시,이로동,계,7170,4047,3315,326,162,119,22
목포시,이로동,관내사전투표,2027,2027,1728,114,73,60,6
목포시,이로동,선거일투표,5143,2020,1587,212,89,59,16
목포시,상동,계,14954,7610,6214,600,173,275,128
목포시,상동,관내사전투표,3125,3125,2623,149,56,102,50
목포시,상동,선거일투표,11829,4485,3591,451,117,173,78
목포시,하당동,계,10738,4476,3659,402,153,135,44
목포시,하당동,관내사전투표,1786,1786,1534,91,57,50,16
목포시,하당동,선거일투표,8952,2690,2125,311,96,85,28
목포시,신흥동,계,12110,6072,4966,528,127,248,82
목포시,신흥동,관내사전투표,2506,2503,2126,153,56,107,21
목포시,신흥동,선거일투표,9604,3569,2840,375,71,141,61
목포시,삼향동,계,3900,2296,1903,168,57,91,26
목포시,삼향동,관내사전투표,1525,1525,1299,95,35,51,9
목포시,삼향동,선거일투표,2375,771,604,73,22,40,17
목포시,옥암동,계,7885,4288,3603,316,83,159,48
목포시,옥암동,관내사전투표,2433,2433,2146,97,56,72,21
목포시,옥암동,선거일투표,5452,1855,1457,219,27,87,27
목포시,부흥동,계,6701,3678,2993,297,86,156,54
목포시,부흥동,관내사전투표,2171,2171,1821,129,44,95,29
목포시,부흥동,선거일투표,4530,1507,1172,168,42,61,25
목포시,부주동,계,14867,7321,5934,715,179,300,87
목포시,부주동,관내사전투표,3397,3396,2906,211,73,140,28
목포시,부주동,선거일투표,11470,3925,3028,504,106,160,59
목포시,잘못 투입·구분된 투표지,,0,9,8,0,0,0,0
여수시,돌산읍,계,9415,4655,3868,414,84,78,71
여수시,돌산읍,관내사전투표,1291,1291,1112,79,11,20,14
여수시,돌산읍,선거일투표,8124,3364,2756,335,73,58,57
여수시,소라면,계,15085,8184,6732,800,170,157,138
여수시,소라면,관내사전투표,2775,2775,2327,221,53,51,49
여수시,소라면,선거일투표,12310,5409,4405,579,117,106,89
여수시,율촌면,계,5102,2829,2293,264,62,58,52
여수시,율촌면,관내사전투표,1457,1457,1220,108,27,30,16
여수시,율촌면,선거일투표,3645,1372,1073,156,35,28,36
여수시,화양면,계,5080,2892,2380,269,55,46,48
여수시,화양면,관내사전투표,1556,1555,1304,114,34,26,21
여수시,화양면,선거일투표,3524,1337,1076,155,21,20,27
여수시,남면,계,1954,1235,1032,88,24,22,20
여수시,남면,관내사전투표,480,480,416,27,8,10,0
여수시,남면,선거일투표,1474,755,616,61,16,12,20
여수시,화정면,계,1535,1037,847,80,32,19,23
여수시,화정면,관내사전투표,149,149,135,6,2,2,2
여수시,화정면,선거일투표,1386,888,712,74,30,17,21
여수시,삼산면,계,1482,942,771,107,19,18,10
여수시,삼산면,관내사전투표,351,351,300,31,5,8,3
여수시,삼산면,선거일투표,1131,591,471,76,14,10,7
여수시,동문동,계,3320,1921,1557,204,34,39,23
여수시,동문동,관내사전투표,963,963,814,75,16,23,8
여수시,동문동,선거일투표,2357,958,743,129,18,16,15
여수시,한려동,계,2386,1458,1166,159,29,29,30
여수시,한려동,관내사전투표,825,825,690,69,16,12,18
여수시,한려동,선거일투표,1561,633,476,90,13,17,12
여수시,중앙동,계,3016,1643,1354,165,22,28,29
여수시,중앙동,관내사전투표,833,833,738,48,5,14,8
여수시,중앙동,선거일투표,2183,810,616,117,17,14,21
여수시,충무동,계,2711,1374,1149,107,36,25,16
여수시,충무동,관내사전투표,618,618,516,42,16,11,8
여수시,충무동,선거일투표,2093,756,633,65,20,14,8
여수시,광림동,계,4742,2464,2054,217,45,45,48
여수시,광림동,관내사전투표,946,946,830,49,19,18,14
여수시,광림동,선거일투표,3796,1518,1224,168,26,27,34
여수시,서강동,계,3030,1570,1298,149,26,32,24
여수시,서강동,관내사전투표,730,730,633,48,8,13,13
여수시,서강동,선거일투표,2300,840,665,101,18,19,11
여수시,대교동,계,4032,2193,1839,165,38,38,45
여수시,대교동,관내사전투표,1064,1063,922,65,14,16,17
여수시,대교동,선거일투표,2968,1130,917,100,24,22,28
여수시,국동,계,8274,4669,3932,354,85,68,92
여수시,국동,관내사전투표,2371,2370,2070,126,41,33,46
여수시,국동,선거일투표,5903,2299,1862,228,44,35,46
여수시,월호동,계,5498,3301,2708,319,63,63,61
여수시,월호동,관내사전투표,1526,1526,1326,97,34,29,15
여수시,월호동,선거일투표,3972,1775,1382,222,29,34,46
여수시,여서동,계,12505,6947,5772,689,90,125,140
여수시,여서동,관내사전투표,2421,2421,2123,162,28,37,32
여수시,여서동,선거일투표,10084,4526,3649,527,62,88,108
여수시,문수동,계,14221,7774,6376,774,169,151,143
여수시,문수동,관내사전투표,2941,2941,2527,199,68,55,41
여수시,문수동,선거일투표,11280,4833,3849,575,101,96,102
여수시,미평동,계,9336,5213,4130,601,133,116,104
여수시,미평동,관내사전투표,2567,2567,2186,171,62,52,37
여수시,미평동,선거일투표,6769,2646,1944,430,71,64,67
여수시,둔덕동,계,7177,3968,3239,410,88,86,73
여수시,둔덕동,관내사전투표,1817,1817,1604,108,32,26,25
여수시,둔덕동,선거일투표,5360,2151,1635,302,56,60,48
여수시,만덕동,계,7416,4287,3402,538,83,88,86
여수시,만덕동,관내사전투표,1750,1749,1468,151,39,34,25
여수시,만덕동,선거일투표,5666,2538,1934,387,44,54,61
여수시,쌍봉동,계,23486,12622,9977,1615,251,286,273
여수시,쌍봉동,관내사전투표,4180,4179,3552,329,77,86,64
여수시,쌍봉동,선거일투표,19306,8443,6425,1286,174,200,209
여수시,시전동,계,29553,15577,12377,2119,273,298,265
여수시,시전동,관내사전투표,4669,4667,4005,375,79,91,53
여수시,시전동,선거일투표,24884,10910,8372,1744,194,207,212
여수시,여천동,계,14907,7457,6051,754,134,153,170
여수시,여천동,관내사전투표,2811,2810,2411,182,51,55,62
여수시,여천동,선거일투표,12096,4647,3640,572,83,98,108
여수시,주삼동,계,5398,2498,2065,238,46,48,54
여수시,주삼동,관내사전투표,1034,1034,870,74,16,22,22
여수시,주삼동,선거일투표,4364,1464,1195,164,30,26,32
여수시,삼일동,계,1647,969,791,91,20,17,18
여수시,삼일동,관내사전투표,587,587,506,42,6,5,10
여수시,삼일동,선거일투표,1060,382,285,49,14,12,8
여수시,묘도동,계,889,572,495,29,16,9,6
여수시,묘도동,관내사전투표,314,314,268,16,10,7,3
여수시,묘도동,선거일투표,575,258,227,13,6,2,3
여수시,잘못 투입·구분된 투표지,,0,14,10,2,0,1,1
순천시,승주읍,계,2048,1346,926,220,78,36,17
순천시,승주읍,관내사전투표,729,728,524,105,31,25,4
순천시,승주읍,선거일투표,1319,618,402,115,47,11,13
순천시,주암면,계,2425,1621,1055,352,74,37,22
순천시,주암면,관내사전투표,763,762,545,135,25,17,11
순천시,주암면,선거일투표,1662,859,510,217,49,20,11
순천시,송광면,계,1138,771,558,112,24,29,11
순천시,송광면,관내사전투표,410,410,305,64,5,16,6
순천시,송광면,선거일투표,728,361,253,48,19,13,5
순천시,외서면,계,660,483,382,52,15,11,4
순천시,외서면,관내사전투표,306,306,245,28,10,6,3
순천시,외서면,선거일투표,354,177,137,24,5,5,1
순천시,낙안면,계,2428,1636,1243,223,33,56,14
순천시,낙안면,관내사전투표,999,999,798,104,19,28,9
순천시,낙안면,선거일투표,1429,637,445,119,14,28,5
순천시,별량면,계,4232,2684,1973,391,96,67,46
순천시,별량면,관내사전투표,1445,1445,1052,210,61,38,29
순천시,별량면,선거일투표,2787,1239,921,181,35,29,17
순천시,상사면,계,2296,1471,1090,227,31,30,19
순천시,상사면,관내사전투표,720,720,554,81,17,12,11
순천시,상사면,선거일투표,1576,751,536,146,14,18,8
순천시,해룡면,계,36035,21320,16290,3449,574,420,276
순천시,해룡면,관내사전투표,6826,6825,5553,884,164,112,50
순천시,해룡면,선거일투표,29209,14495,10737,2565,410,308,226
순천시,서면,계,11034,6888,5266,1061,186,107,101
순천시,서면,관내사전투표,2210,2210,1796,257,56,27,26
순천시,서면,선거일투표,8824,4678,3470,804,130,80,75
순천시,황전면,계,2345,1654,1172,221,113,36,15
순천시,황전면,관내사전투표,1076,1076,782,122,70,27,9
순천시,황전면,선거일투표,1269,578,390,99,43,9,6
순천시,월등면,계,1252,855,639,119,29,19,12
순천시,월등면,관내사전투표,477,477,370,52,15,7,9
순천시,월등면,선거일투표,775,378,269,67,14,12,3
순천시,향동,계,2712,1833,1321,359,35,23,31
순천시,향동,관내사전투표,1115,1115,834,189,20,12,18
순천시,향동,선거일투표,1597,718,487,170,15,11,13
순천시,매곡동,계,5077,3100,2294,544,56,67,54
순천시,매곡동,관내사전투표,1706,1706,1314,248,32,36,25
순천시,매곡동,선거일투표,3371,1394,980,296,24,31,29
순천시,삼산동,계,21563,13275,10278,2045,303,223,194
순천시,삼산동,관내사전투표,5162,5158,4227,602,110,77,64
순천시,삼산동,선거일투표,16401,8117,6051,1443,193,146,130
순천시,조곡동,계,5490,3510,2599,590,125,59,50
순천시,조곡동,관내사전투표,1325,1325,1044,162,46,23,13
순천시,조곡동,선거일투표,4165,2185,1555,428,79,36,37
순천시,덕연동,계,29868,18055,14312,2413,481,325,217
순천시,덕연동,관내사전투표,5296,5294,4450,519,126,91,44
순천시,덕연동,선거일투표,24572,12761,9862,1894,355,234,173
순천시,풍덕동,계,5982,3844,2874,682,75,62,42
순천시,풍덕동,관내사전투표,1852,1852,1484,257,30,24,15
순천시,풍덕동,선거일투표,4130,1992,1390,425,45,38,27
순천시,남제동,계,5783,3325,2572,506,76,44,45
순천시,남제동,관내사전투표,1600,1599,1282,213,32,23,23
순천시,남제동,선거일투표,4183,1726,1290,293,44,21,22
순천시,저전동,계,2196,1469,1098,264,32,16,21
순천시,저전동,관내사전투표,892,892,695,136,16,13,9
순천시,저전동,선거일투표,1304,577,403,128,16,3,12
순천시,장천동,계,1453,818,595,146,22,15,12
순천시,장천동,관내사전투표,453,453,325,89,12,9,5
순천시,장천동,선거일투표,1000,365,270,57,10,6,7
순천시,중앙동,계,2297,1499,1130,245,35,16,34
순천시,중앙동,관내사전투표,963,963,747,128,24,13,25
순천시,중앙동,선거일투표,1334,536,383,117,11,3,9
순천시,도사동,계,12250,7832,6010,1176,253,120,102
순천시,도사동,관내사전투표,3413,3411,2741,432,102,45,42
순천시,도사동,선거일투표,8837,4421,3269,744,151,75,60
순천시,왕조1동,계,33635,19183,14676,3131,440,321,280
순천시,왕조1동,관내사전투표,6508,6505,5380,729,138,84,83
순천시,왕조1동,선거일투표,27127,12678,9296,2402,302,237,197
순천시,왕조2동,계,12905,7973,6350,1029,224,155,110
순천시,왕조2동,관내사전투표,4043,4041,3396,377,114,67,46
순천시,왕조2동,선거일투표,8862,3932,2954,652,110,88,64
순천시,잘못 투입·구분된 투표지,,0,17,12,1,1,0,1
나주시,남평읍,계,9173,5293,4203,458,194,209,65
나주시,남평읍,관내사전투표,3010,3009,2477,192,103,107,32
나주시,남평읍,선거일투표,6163,2284,1726,266,91,102,33
나주시,세지면,계,2017,1236,975,107,45,42,17
나주시,세지면,관내사전투표,875,875,710,56,35,25,11
나주시,세지면,선거일투표,1142,361,265,51,10,17,6
나주시,왕곡면,계,2068,1343,1042,119,53,44,23
나주시,왕곡면,관내사전투표,768,767,603,57,26,24,9
나주시,왕곡면,선거일투표,1300,576,439,62,27,20,14
나주시,반남면,계,1051,696,572,50,14,25,6
나주시,반남면,관내사전투표,433,433,362,31,8,15,2
나주시,반남면,선거일투표,618,263,210,19,6,10,4
나주시,공산면,계,1742,1140,922,67,51,43,15
나주시,공산면,관내사전투표,727,727,597,35,31,29,7
나주시,공산면,선거일투표,1015,413,325,32,20,14,8
나주시,동강면,계,1885,1125,895,82,39,40,20
나주시,동강면,관내사전투표,712,712,582,36,19,28,12
나주시,동강면,선거일투표,1173,413,313,46,20,12,8
나주시,다시면,계,2841,1973,1471,156,49,104,41
나주시,다시면,관내사전투표,1423,1423,1089,85,31,69,31
나주시,다시면,선거일투표,1418,550,382,71,18,35,10
나주시,문평면,계,1316,827,613,68,31,53,22
나주시,문평면,관내사전투표,549,549,424,38,19,32,14
나주시,문평면,선거일투표,767,278,189,30,12,21,8
나주시,노안면,계,3388,2033,1501,141,188,72,34
나주시,노안면,관내사전투표,1082,1082,820,59,102,36,18
나주시,노안면,선거일투표,2306,951,681,82,86,36,16
나주시,금천면,계,5044,2735,2149,266,103,84,48
나주시,금천면,관내사전투표,1526,1525,1251,94,51,52,23
나주시,금천면,선거일투표,3518,1210,898,172,52,32,25
나주시,산포면,계,2528,1561,1225,100,69,57,36
나주시,산포면,관내사전투표,886,886,690,60,32,35,23
나주시,산포면,선거일투표,1642,675,535,40,37,22,13
나주시,다도면,계,1450,952,679,68,35,40,20
나주시,다도면,관내사전투표,659,659,469,48,24,20,13
나주시,다도면,선거일투표,791,293,210,20,11,20,7
나주시,봉황면,계,2987,1670,1337,113,70,48,31
나주시,봉황면,관내사전투표,974,974,784,50,43,29,21
나주시,봉황면,선거일투표,2013,696,553,63,27,19,10
나주시,송월동,계,8221,4322,3264,521,202,125,92
나주시,송월동,관내사전투표,1903,1903,1516,175,96,52,32
나주시,송월동,선거일투표,6318,2419,1748,346,106,73,60
나주시,영강동,계,2091,1150,880,106,36,43,35
나주시,영강동,관내사전투표,718,718,568,45,20,33,15
나주시,영강동,선거일투표,1373,432,312,61,16,10,20
나주시,금남동,계,3308,1899,1490,171,57,61,50
나주시,금남동,관내사전투표,1013,1013,830,67,33,31,20
나주시,금남동,선거일투표,2295,886,660,104,24,30,30
나주시,성북동,계,6569,3900,3081,365,130,139,84
나주시,성북동,관내사전투표,2260,2259,1858,161,76,77,40
나주시,성북동,선거일투표,4309,1641,1223,204,54,62,44
나주시,영산동,계,2291,1269,1012,102,26,31,33
나주시,영산동,관내사전투표,768,768,622,51,15,18,16
나주시,영산동,선거일투표,1523,501,390,51,11,13,17
나주시,이창동,계,2701,1481,1189,121,50,51,19
나주시,이창동,관내사전투표,875,874,734,47,27,29,7
나주시,이창동,선거일투표,1826,607,455,74,23,22,12
나주시,빛가람동,계,25793,13509,10133,2026,460,492,206
나주시,빛가람동,관내사전투표,5678,5678,4496,627,200,209,82
나주시,빛가람동,선거일투표,20115,7831,5637,1399,260,283,124
나주시,잘못 투입·구분된 투표지,,0,4,4,0,0,0,0
광양시,광양읍,계,37507,21177,16588,2701,514,510,419
광양시,광양읍,관내사전투표,8353,8352,6982,762,177,194,100
광양시,광양읍,선거일투표,29154,12825,9606,1939,337,316,319
광양시,봉강면,계,1614,1081,799,158,27,26,26
광양시,봉강면,관내사전투표,538,538,412,76,11,7,13
광양시,봉강면,선거일투표,1076,543,387,82,16,19,13
광양시,옥룡면,계,2307,1637,1243,234,27,24,32
광양시,옥룡면,관내사전투표,1041,1038,829,117,14,12,17
광양시,옥룡면,선거일투표,1266,599,414,117,13,12,15
광양시,옥곡면,계,3351,1940,1433,289,63,42,33
광양시,옥곡면,관내사전투표,1094,1094,850,110,34,24,15
광양시,옥곡면,선거일투표,2257,846,583,179,29,18,18
광양시,진상면,계,2041,1412,1063,180,42,37,18
광양시,진상면,관내사전투표,835,834,654,85,21,23,9
광양시,진상면,선거일투표,1206,578,409,95,21,14,9
광양시,진월면,계,2052,1430,1002,201,56,47,40
광양시,진월면,관내사전투표,668,668,481,72,29,20,20
광양시,진월면,선거일투표,1384,762,521,129,27,27,20
광양시,다압면,계,1335,891,614,144,35,26,27
광양시,다압면,관내사전투표,515,515,369,73,17,15,14
광양시,다압면,선거일투표,820,376,245,71,18,11,13
광양시,골약동,계,8352,5052,3533,1064,104,103,134
광양시,골약동,관내사전투표,2416,2416,1840,394,40,48,55
광양시,골약동,선거일투표,5936,2636,1693,670,64,55,79
광양시,중마동,계,42760,22505,16951,3546,594,466,530
광양시,중마동,관내사전투표,9199,9199,7460,1041,241,180,150
광양시,중마동,선거일투표,33561,13306,9491,2505,353,286,380
광양시,광영동,계,8181,4618,3349,746,123,109,136
광양시,광영동,관내사전투표,2386,2386,1854,300,65,47,50
광양시,광영동,선거일투표,5795,2232,1495,446,58,62,86
광양시,태인동,계,1182,768,581,90,26,19,14
광양시,태인동,관내사전투표,505,505,395,38,18,12,11
광양시,태인동,선거일투표,677,263,186,52,8,7,3
광양시,금호동,계,7530,4555,2898,1244,72,124,129
광양시,금호동,관내사전투표,2260,2260,1613,487,31,43,48
광양시,금호동,선거일투표,5270,2295,1285,757,41,81,81
광양시,잘못 투입·구분된 투표지,,0,7,4,1,0,1,0
담양군,담양읍,계,11057,7578,5904,773,194,279,148
담양군,담양읍,관내사전투표,4537,4536,3652,388,104,161,69
담양군,담양읍,선거일투표,6520,3042,2252,385,90,118,79
담양군,봉산면,계,2059,1450,1157,118,33,48,21
담양군,봉산면,관내사전투표,931,931,764,54,20,36,11
담양군,봉산면,선거일투표,1128,519,393,64,13,12,10
담양군,고서면,계,2388,1752,1380,191,39,45,27
담양군,고서면,관내사전투표,1222,1222,978,111,29,32,17
담양군,고서면,선거일투표,1166,530,402,80,10,13,10
담양군,가사문학면,계,904,664,515,66,17,17,14
담양군,가사문학면,관내사전투표,497,497,393,44,9,11,10
담양군,가사문학면,선거일투표,407,167,122,22,8,6,4
담양군,창평면,계,2783,2058,1614,176,52,69,30
담양군,창평면,관내사전투표,1410,1409,1115,100,28,51,24
담양군,창평면,선거일투표,1373,649,499,76,24,18,6
담양군,대덕면,계,1443,1018,786,67,45,53,19
담양군,대덕면,관내사전투표,644,644,508,38,30,30,8
담양군,대덕면,선거일투표,799,374,278,29,15,23,11
담양군,무정면,계,1861,1266,989,132,39,38,16
담양군,무정면,관내사전투표,763,763,612,62,23,23,7
담양군,무정면,선거일투표,1098,503,377,70,16,15,9
담양군,금성면,계,1961,1377,1039,133,56,43,17
담양군,금성면,관내사전투표,906,906,685,74,36,30,10
담양군,금성면,선거일투표,1055,471,354,59,20,13,7
담양군,용면,계,1439,1066,829,104,30,32,22
담양군,용면,관내사전투표,653,653,524,58,14,17,10
담양군,용면,선거일투표,786,413,305,46,16,15,12
담양군,월산면,계,1791,1309,991,123,45,58,26
담양군,월산면,관내사전투표,885,885,684,70,27,39,17
담양군,월산면,선거일투표,906,424,307,53,18,19,9
담양군,수북면,계,3819,2739,2147,235,91,136,34
담양군,수북면,관내사전투표,1674,1674,1353,127,43,71,15
담양군,수북면,선거일투표,2145,1065,794,108,48,65,19
담양군,대전면,계,3170,2125,1703,164,64,62,36
담양군,대전면,관내사전투표,1294,1292,1051,73,34,43,20
담양군,대전면,선거일투표,1876,833,652,91,30,19,16
담양군,잘못 투입·구분된 투표지,,0,5,4,0,0,0,0
장성군,장성읍,계,11571,7285,5646,705,217,300,149
장성군,장성읍,관내사전투표,4511,4510,3616,370,110,164,89
장성군,장성읍,선거일투표,7060,2775,2030,335,107,136,60
장성군,진원면,계,2643,1665,1272,184,60,73,19
장성군,진원면,관내사전투표,815,815,647,69,34,30,7
장성군,진원면,선거일투표,1828,850,625,115,26,43,12
장성군,남면,계,2904,1724,1330,201,54,70,25
장성군,남면,관내사전투표,1029,1029,817,96,25,44,16
장성군,남면,선거일투표,1875,695,513,105,29,26,9
장성군,동화면,계,1482,936,709,95,33,45,20
장성군,동화면,관내사전투표,505,505,411,38,20,14,8
장성군,동화면,선거일투표,977,431,298,57,13,31,12
장성군,삼서면,계,2339,1506,1153,145,49,37,34
장성군,삼서면,관내사전투표,964,964,766,68,27,20,20
장성군,삼서면,선거일투표,1375,542,387,77,22,17,14
장성군,삼계면,계,3998,2337,1716,345,60,72,43
장성군,삼계면,관내사전투표,1420,1419,1100,137,41,43,26
장성군,삼계면,선거일투표,2578,918,616,208,19,29,17
장성군,황룡면,계,2908,1738,1327,184,61,56,24
장성군,황룡면,관내사전투표,1012,1011,775,93,39,37,11
장성군,황룡면,선거일투표,1896,727,552,91,22,19,13
장성군,서삼면,계,1165,770,558,95,35,24,15
장성군,서삼면,관내사전투표,437,437,329,53,13,17,5
장성군,서삼면,선거일투표,728,333,229,42,22,7,10
장성군,북일면,계,1122,768,613,70,17,24,13
장성군,북일면,관내사전투표,494,494,399,40,10,13,8
장성군,북일면,선거일투표,628,274,214,30,7,11,5
장성군,북이면,계,2253,1498,1139,135,46,57,26
장성군,북이면,관내사전투표,1025,1025,787,72,34,35,21
장성군,북이면,선거일투표,1228,473,352,63,12,22,5
장성군,북하면,계,1611,1103,847,106,31,42,17
장성군,북하면,관내사전투표,775,775,606,57,18,30,12
장성군,북하면,선거일투표,836,328,241,49,13,12,5
장성군,잘못 투입·구분된 투표지,,0,1,1,0,0,0,0
곡성군,곡성읍,계,6566,4784,3255,1011,119,91,81
곡성군,곡성읍,관내사전투표,2824,2821,2007,502,74,54,42
곡성군,곡성읍,선거일투표,3742,1963,1248,509,45,37,39
곡성군,오곡면,계,1456,1108,727,241,34,24,29
곡성군,오곡면,관내사전투표,657,657,439,133,19,16,15
곡성군,오곡면,선거일투표,799,451,288,108,15,8,14
곡성군,삼기면,계,1360,959,605,216,37,29,22
곡성군,삼기면,관내사전투표,609,608,407,116,20,20,11
곡성군,삼기면,선거일투표,751,351,198,100,17,9,11
곡성군,석곡면,계,1874,1385,837,308,77,49,39
곡성군,석곡면,관내사전투표,912,912,573,177,45,32,26
곡성군,석곡면,선거일투표,962,473,264,131,32,17,13
곡성군,목사동면,계,1055,715,393,243,38,9,8
곡성군,목사동면,관내사전투표,511,511,301,155,22,7,6
곡성군,목사동면,선거일투표,544,204,92,88,16,2,2
곡성군,죽곡면,계,1542,1100,697,257,23,27,13
곡성군,죽곡면,관내사전투표,736,736,492,150,14,14,6
곡성군,죽곡면,선거일투표,806,364,205,107,9,13,7
곡성군,고달면,계,922,665,467,121,17,13,17
곡성군,고달면,관내사전투표,351,351,259,56,5,5,8
곡성군,고달면,선거일투표,571,314,208,65,12,8,9
곡성군,옥과면,계,3659,2559,1787,489,61,74,45
곡성군,옥과면,관내사전투표,1618,1618,1192,263,34,46,16
곡성군,옥과면,선거일투표,2041,941,595,226,27,28,29
곡성군,입면,계,1862,1361,894,264,44,38,48
곡성군,입면,관내사전투표,841,841,557,148,25,21,30
곡성군,입면,선거일투표,1021,520,337,116,19,17,18
곡성군,겸면,계,1289,967,562,246,37,34,26
곡성군,겸면,관내사전투표,556,556,349,118,23,18,14
곡성군,겸면,선거일투표,733,411,213,128,14,16,12
곡성군,오산면,계,1191,814,513,186,25,27,22
곡성군,오산면,관내사전투표,475,475,317,93,15,14,10
곡성군,오산면,선거일투표,716,339,196,93,10,13,12
곡성군,잘못 투입·구분된 투표지,,0,3,3,0,0,0,0
구례군,구례읍,계,7656,5804,4201,904,167,181,150
구례군,구례읍,관내사전투표,3103,3102,2346,390,101,92,81
구례군,구례읍,선거일투표,4553,2702,1855,514,66,89,69
구례군,문척면,계,1326,1060,758,168,36,31,25
구례군,문척면,관내사전투표,691,691,524,92,26,18,11
구례군,문척면,선거일투표,635,369,234,76,10,13,14
구례군,간전면,계,1154,900,609,141,41,38,20
구례군,간전면,관내사전투표,603,602,434,77,23,22,12
구례군,간전면,선거일투표,551,298,175,64,18,16,8
구례군,토지면,계,1943,1454,1012,208,60,44,42
구례군,토지면,관내사전투표,866,866,627,104,36,23,22
구례군,토지면,선거일투표,1077,588,385,104,24,21,20
구례군,마산면,계,2013,1554,1038,254,69,59,43
구례군,마산면,관내사전투표,976,975,686,127,43,38,23
구례군,마산면,선거일투표,1037,579,352,127,26,21,20
구례군,광의면,계,1796,1339,978,183,48,44,26
구례군,광의면,관내사전투표,760,760,571,93,25,23,15
구례군,광의면,선거일투표,1036,579,407,90,23,21,11
구례군,용방면,계,1068,815,566,120,36,23,32
구례군,용방면,관내사전투표,494,494,356,59,24,17,10
구례군,용방면,선거일투표,574,321,210,61,12,6,22
구례군,산동면,계,2297,1685,1220,219,57,54,54
구례군,산동면,관내사전투표,881,881,686,75,25,31,24
구례군,산동면,선거일투표,1416,804,534,144,32,23,30
구례군,잘못 투입·구분된 투표지,,0,4,1,1,0,1,1
고흥군,고흥읍,계,9361,5801,4659,620,107,161,94
고흥군,고흥읍,관내사전투표,3554,3553,2956,306,63,92,45
고흥군,고흥읍,선거일투표,5807,2248,1703,314,44,69,49
고흥군,도양읍,계,8603,5819,4693,539,80,150,114
고흥군,도양읍,관내사전투표,3556,3555,2982,236,42,89,57
고흥군,도양읍,선거일투표,5047,2264,1711,303,38,61,57
고흥군,풍양면,계,2539,1938,1560,157,21,32,24
고흥군,풍양면,관내사전투표,1155,1155,946,73,7,17,11
고흥군,풍양면,선거일투표,1384,783,614,84,14,15,13
고흥군,도덕면,계,2315,1674,1355,128,15,37,26
고흥군,도덕면,관내사전투표,1090,1090,893,60,7,26,14
고흥군,도덕면,선거일투표,1225,584,462,68,8,11,12
고흥군,금산면,계,3447,2563,1937,203,74,67,53
고흥군,금산면,관내사전투표,1828,1827,1401,120,55,39,31
고흥군,금산면,선거일투표,1619,736,536,83,19,28,22
고흥군,도화면,계,3222,2401,1987,188,22,43,38
고흥군,도화면,관내사전투표,1768,1768,1479,117,13,30,27
고흥군,도화면,선거일투표,1454,633,508,71,9,13,11
고흥군,포두면,계,3819,2690,2164,251,46,53,39
고흥군,포두면,관내사전투표,1508,1508,1263,99,24,26,23
고흥군,포두면,선거일투표,2311,1182,901,152,22,27,16
고흥군,봉래면,계,1516,1094,870,121,15,19,16
고흥군,봉래면,관내사전투표,807,807,643,80,15,12,12
고흥군,봉래면,선거일투표,709,287,227,41,0,7,4
고흥군,동일면,계,1230,923,731,84,7,21,18
고흥군,동일면,관내사전투표,706,706,579,47,3,16,7
고흥군,동일면,선거일투표,524,217,152,37,4,5,11
고흥군,점암면,계,2136,1424,1130,129,32,31,24
고흥군,점암면,관내사전투표,874,874,716,58,18,17,19
고흥군,점암면,선거일투표,1262,550,414,71,14,14,5
고흥군,영남면,계,1015,727,580,68,9,13,15
고흥군,영남면,관내사전투표,455,455,377,32,7,4,5
고흥군,영남면,선거일투표,560,272,203,36,2,9,10
고흥군,과역면,계,2673,2046,1542,203,51,56,57
고흥군,과역면,관내사전투표,1506,1506,1183,116,32,33,36
고흥군,과역면,선거일투표,1167,540,359,87,19,23,21
고흥군,남양면,계,1752,1270,972,137,32,26,36
고흥군,남양면,관내사전투표,711,711,558,68,10,14,16
고흥군,남양면,선거일투표,1041,559,414,69,22,12,20
고흥군,동강면,계,2594,1849,1416,192,45,52,33
고흥군,동강면,관내사전투표,1189,1189,926,104,33,29,21
고흥군,동강면,선거일투표,1405,660,490,88,12,23,12
고흥군,대서면,계,1797,1329,1008,153,37,33,17
고흥군,대서면,관내사전투표,990,990,766,97,27,21,11
고흥군,대서면,선거일투표,807,339,242,56,10,12,6
고흥군,두원면,계,2478,1687,1325,166,38,37,27
고흥군,두원면,관내사전투표,1118,1118,903,84,23,22,17
고흥군,두원면,선거일투표,1360,569,422,82,15,15,10
고흥군,잘못 투입·구분된 투표지,,0,3,2,0,0,0,0
보성군,보성읍,계,6672,5049,3747,636,127,188,118
보성군,보성읍,관내사전투표,3135,3135,2408,321,82,108,66
보성군,보성읍,선거일투표,3537,1914,1339,315,45,80,52
보성군,벌교읍,계,8931,6201,4675,747,208,157,127
보성군,벌교읍,관내사전투표,3180,3180,2500,313,85,76,59
보성군,벌교읍,선거일투표,5751,3021,2175,434,123,81,68
보성군,노동면,계,889,684,496,70,41,23,17
보성군,노동면,관내사전투표,476,476,356,42,24,14,10
보성군,노동면,선거일투표,413,208,140,28,17,9,7
보성군,미력면,계,1099,844,620,91,36,35,20
보성군,미력면,관내사전투표,539,539,404,57,21,19,13
보성군,미력면,선거일투표,560,305,216,34,15,16,7
보성군,겸백면,계,839,643,452,85,28,19,25
보성군,겸백면,관내사전투표,410,410,306,41,15,11,17
보성군,겸백면,선거일투표,429,233,146,44,13,8,8
보성군,율어면,계,864,630,436,81,40,12,19
보성군,율어면,관내사전투표,437,437,308,50,29,8,8
보성군,율어면,선거일투표,427,193,128,31,11,4,11
보성군,복내면,계,1182,930,635,90,76,24,31
보성군,복내면,관내사전투표,652,652,448,55,56,16,21
보성군,복내면,선거일투표,530,278,187,35,20,8,10
보성군,문덕면,계,712,534,356,73,38,10,10
보성군,문덕면,관내사전투표,352,352,239,42,24,5,8
보성군,문덕면,선거일투표,360,182,117,31,14,5,2
보성군,조성면,계,2844,2146,1636,210,51,47,44
보성군,조성면,관내사전투표,1404,1404,1093,116,31,26,22
보성군,조성면,선거일투표,1440,742,543,94,20,21,22
보성군,득량면,계,3080,2244,1620,245,64,81,68
보성군,득량면,관내사전투표,1325,1327,988,126,28,41,33
보성군,득량면,선거일투표,1755,917,632,119,36,40,35
보성군,회천면,계,2430,1747,1315,171,63,54,43
보성군,회천면,관내사전투표,921,921,716,67,30,25,17
보성군,회천면,선거일투표,1509,826,599,104,33,29,26
보성군,웅치면,계,929,733,537,69,29,24,21
보성군,웅치면,관내사전투표,495,495,368,42,17,18,14
보성군,웅치면,선거일투표,434,238,169,27,12,6,7
보성군,잘못 투입·구분된 투표지,,0,0,0,0,0,0,0
화순군,화순읍,계,30474,17776,13708,1693,917,689,361
화순군,화순읍,관내사전투표,7191,7188,5854,476,350,264,114
화순군,화순읍,선거일투표,23283,10588,7854,1217,567,425,247
화순군,한천면,계,966,541,384,68,24,26,9
화순군,한천면,관내사전투표,264,264,189,29,12,16,2
화순군,한천면,선거일투표,702,277,195,39,12,10,7
화순군,춘양면,계,1354,816,633,74,29,38,15
화순군,춘양면,관내사전투표,502,496,397,42,12,16,10
화순군,춘양면,선거일투표,852,320,236,32,17,22,5
화순군,청풍면,계,752,492,367,50,16,28,13
화순군,청풍면,관내사전투표,294,294,222,32,11,12,9
화순군,청풍면,선거일투표,458,198,145,18,5,16,4
화순군,이양면,계,1413,892,670,81,24,43,22
화순군,이양면,관내사전투표,578,578,444,46,14,25,12
화순군,이양면,선거일투표,835,314,226,35,10,18,10
화순군,능주면,계,2447,1575,1184,157,69,76,41
화순군,능주면,관내사전투표,910,910,708,75,33,46,22
화순군,능주면,선거일투표,1537,665,476,82,36,30,19
화순군,도곡면,계,2286,1470,1130,145,56,66,22
화순군,도곡면,관내사전투표,874,874,678,77,30,41,15
화순군,도곡면,선거일투표,1412,596,452,68,26,25,7
화순군,도암면,계,1099,692,520,64,31,32,14
화순군,도암면,관내사전투표,374,374,290,32,18,10,7
화순군,도암면,선거일투표,725,318,230,32,13,22,7
화순군,이서면,계,713,448,331,47,24,18,9
화순군,이서면,관내사전투표,232,232,177,24,9,11,4
화순군,이서면,선거일투표,481,216,154,23,15,7,5
화순군,백아면,계,1134,780,583,60,42,26,16
화순군,백아면,관내사전투표,485,485,379,30,19,12,8
화순군,백아면,선거일투표,649,295,204,30,23,14,8
화순군,동복면,계,1226,864,618,76,71,30,13
화순군,동복면,관내사전투표,491,490,366,29,45,11,10
화순군,동복면,선거일투표,735,374,252,47,26,19,3
화순군,사평면,계,1628,1052,770,99,79,45,23
화순군,사평면,관내사전투표,694,694,513,57,53,31,14
화순군,사평면,선거일투표,934,358,257,42,26,14,9
화순군,동면,계,2369,1455,1052,145,85,55,35
화순군,동면,관내사전투표,919,919,683,65,52,36,18
화순군,동면,선거일투표,1450,536,369,80,33,19,17
화순군,잘못 투입·구분된 투표지,,0,16,13,1,1,0,1
장흥군,장흥읍,계,10766,7526,5877,706,400,193,127
장흥군,장흥읍,관내사전투표,4437,4437,3601,340,200,104,67
장흥군,장흥읍,선거일투표,6329,3089,2276,366,200,89,60
장흥군,관산읍,계,3642,2567,2011,170,130,71,52
장흥군,관산읍,관내사전투표,1602,1602,1279,95,75,49,26
장흥군,관산읍,선거일투표,2040,965,732,75,55,22,26
장흥군,대덕읍,계,2471,1758,1380,150,57,39,37
장흥군,대덕읍,관내사전투표,982,982,784,64,35,20,19
장흥군,대덕읍,선거일투표,1489,776,596,86,22,19,18
장흥군,용산면,계,1680,1189,901,103,77,37,16
장흥군,용산면,관내사전투표,827,827,647,54,52,29,8
장흥군,용산면,선거일투표,853,362,254,49,25,8,8
장흥군,안양면,계,2113,1488,1174,112,54,51,18
장흥군,안양면,관내사전투표,907,907,741,41,30,31,7
장흥군,안양면,선거일투표,1206,581,433,71,24,20,11
장흥군,장동면,계,904,636,451,95,30,12,17
장흥군,장동면,관내사전투표,393,393,294,44,17,9,7
장흥군,장동면,선거일투표,511,243,157,51,13,3,10
장흥군,장평면,계,1616,1160,901,78,69,33,26
장흥군,장평면,관내사전투표,735,735,576,44,48,23,11
장흥군,장평면,선거일투표,881,425,325,34,21,10,15
장흥군,유치면,계,703,490,358,52,28,21,9
장흥군,유치면,관내사전투표,327,327,247,28,19,14,8
장흥군,유치면,선거일투표,376,163,111,24,9,7,1
장흥군,부산면,계,1046,729,517,54,67,19,15
장흥군,부산면,관내사전투표,507,507,368,27,45,13,8
장흥군,부산면,선거일투표,539,222,149,27,22,6,7
장흥군,회진면,계,2069,1592,1259,115,47,37,28
장흥군,회진면,관내사전투표,1125,1124,904,64,33,18,15
장흥군,회진면,선거일투표,944,468,355,51,14,19,13
장흥군,잘못 투입·구분된 투표지,,0,0,0,0,0,0,0
강진군,강진읍,계,9494,6930,5036,722,285,307,317
강진군,강진읍,관내사전투표,4081,4078,3056,368,162,189,150
강진군,강진읍,선거일투표,5413,2852,1980,354,123,118,167
강진군,군동면,계,3162,2250,1521,236,106,96,147
강진군,군동면,관내사전투표,1232,1230,863,101,59,51,66
강진군,군동면,선거일투표,1930,1020,658,135,47,45,81
강진군,칠량면,계,1742,1298,896,129,55,68,57
강진군,칠량면,관내사전투표,828,828,588,80,37,32,24
강진군,칠량면,선거일투표,914,470,308,49,18,36,33
강진군,대구면,계,838,655,440,69,48,24,38
강진군,대구면,관내사전투표,467,467,312,53,34,16,25
강진군,대구면,선거일투표,371,188,128,16,14,8,13
강진군,마량면,계,1436,1070,780,89,33,23,81
강진군,마량면,관내사전투표,728,728,542,48,21,20,47
강진군,마량면,선거일투표,708,342,238,41,12,3,34
강진군,도암면,계,1865,1385,945,141,63,68,52
강진군,도암면,관내사전투표,857,857,574,89,37,42,26
강진군,도암면,선거일투표,1008,528,371,52,26,26,26
강진군,신전면,계,1414,1102,799,86,47,60,37
강진군,신전면,관내사전투표,733,733,543,49,25,42,20
강진군,신전면,선거일투표,681,369,256,37,22,18,17
강진군,성전면,계,2260,1683,1206,154,74,73,53
강진군,성전면,관내사전투표,1222,1221,874,107,47,49,39
강진군,성전면,선거일투표,1038,462,332,47,27,24,14
강진군,작천면,계,1399,1021,716,103,64,33,49
강진군,작천면,관내사전투표,688,688,502,64,37,22,32
강진군,작천면,선거일투표,711,333,214,39,27,11,17
강진군,병영면,계,1262,945,629,80,74,32,70
강진군,병영면,관내사전투표,654,654,444,46,46,24,48
강진군,병영면,선거일투표,608,291,185,34,28,8,22
강진군,옴천면,계,465,354,251,28,15,17,18
강진군,옴천면,관내사전투표,225,225,166,10,11,10,8
강진군,옴천면,선거일투표,240,129,85,18,4,7,10
강진군,잘못 투입·구분된 투표지,,0,3,2,0,0,1,0
완도군,완도읍,계,13197,9649,7705,784,239,282,258
완도군,완도읍,관내사전투표,5382,5382,4472,341,131,150,94
완도군,완도읍,선거일투표,7815,4267,3233,443,108,132,164
완도군,금일읍,계,2426,1948,1572,97,64,39,42
완도군,금일읍,관내사전투표,1152,1152,935,44,38,21,20
완도군,금일읍,선거일투표,1274,796,637,53,26,18,22
완도군,노화읍,계,3630,2769,2165,154,114,84,53
완도군,노화읍,관내사전투표,1576,1576,1253,70,51,50,29
완도군,노화읍,선거일투표,2054,1193,912,84,63,34,24
완도군,군외면,계,2244,1699,1282,167,44,45,43
완도군,군외면,관내사전투표,1064,1064,816,91,26,26,24
완도군,군외면,선거일투표,1180,635,466,76,18,19,19
완도군,신지면,계,2555,1927,1510,115,68,38,41
완도군,신지면,관내사전투표,1324,1321,1047,75,42,29,24
완도군,신지면,선거일투표,1231,606,463,40,26,9,17
완도군,고금면,계,2949,2393,1790,169,83,58,68
완도군,고금면,관내사전투표,1703,1703,1301,110,43,33,42
완도군,고금면,선거일투표,1246,690,489,59,40,25,26
완도군,약산면,계,1752,1368,1043,94,56,34,46
완도군,약산면,관내사전투표,728,729,561,43,26,18,26
완도군,약산면,선거일투표,1024,639,482,51,30,16,20
완도군,청산면,계,1640,1256,938,96,61,39,36
완도군,청산면,관내사전투표,671,670,505,43,35,23,20
완도군,청산면,선거일투표,969,586,433,53,26,16,16
완도군,소안면,계,1763,1439,1144,92,60,21,28
완도군,소안면,관내사전투표,988,988,801,50,34,13,14
완도군,소안면,선거일투표,775,451,343,42,26,8,14
완도군,금당면,계,652,557,440,32,17,8,9
완도군,금당면,관내사전투표,442,442,346,22,15,6,6
완도군,금당면,선거일투표,210,115,94,10,2,2,3
완도군,보길면,계,1945,1604,1288,105,65,26,25
완도군,보길면,관내사전투표,987,987,810,53,27,17,12
완도군,보길면,선거일투표,958,617,478,52,38,9,13
완도군,생일면,계,515,423,339,22,17,3,16
완도군,생일면,관내사전투표,322,322,264,12,13,3,11
완도군,생일면,선거일투표,193,101,75,10,4,0,5
완도군,잘못 투입·구분된 투표지,,0,1,1,0,0,0,0
해남군,해남읍,계,17362,9795,8172,740,255,234,130
해남군,해남읍,관내사전투표,5014,5011,4307,269,119,126,60
해남군,해남읍,선거일투표,12348,4784,3865,471,136,108,70
해남군,삼산면,계,2272,1552,1233,111,63,44,35
해남군,삼산면,관내사전투표,879,879,726,47,36,24,11
해남군,삼산면,선거일투표,1393,673,507,64,27,20,24
해남군,화산면,계,2418,1635,1272,126,50,50,22
해남군,화산면,관내사전투표,895,893,718,58,29,22,9
해남군,화산면,선거일투표,1523,742,554,68,21,28,13
해남군,현산면,계,2237,1504,1203,117,41,33,23
해남군,현산면,관내사전투표,747,747,615,43,17,15,9
해남군,현산면,선거일투표,1490,757,588,74,24,18,14
해남군,송지면,계,4676,2894,2475,178,37,55,26
해남군,송지면,관내사전투표,1490,1490,1294,67,17,28,15
해남군,송지면,선거일투표,3186,1404,1181,111,20,27,11
해남군,북평면,계,2195,1551,1241,92,54,32,32
해남군,북평면,관내사전투표,861,861,701,49,18,15,20
해남군,북평면,선거일투표,1334,690,540,43,36,17,12
해남군,북일면,계,1581,1093,883,55,42,34,32
해남군,북일면,관내사전투표,684,684,555,29,31,17,18
해남군,북일면,선거일투표,897,409,328,26,11,17,14
해남군,옥천면,계,2363,1614,1259,147,37,54,14
해남군,옥천면,관내사전투표,907,906,718,77,16,26,5
해남군,옥천면,선거일투표,1456,708,541,70,21,28,9
해남군,계곡면,계,1678,1120,926,66,31,24,12
해남군,계곡면,관내사전투표,704,704,595,33,17,14,7
해남군,계곡면,선거일투표,974,416,331,33,14,10,5
해남군,마산면,계,1969,1244,1037,57,41,28,24
해남군,마산면,관내사전투표,682,681,575,24,21,18,12
해남군,마산면,선거일투표,1287,563,462,33,20,10,12
해남군,황산면,계,3624,2505,2009,170,75,53,31
해남군,황산면,관내사전투표,1393,1392,1126,83,37,25,17
해남군,황산면,선거일투표,2231,1113,883,87,38,28,14
해남군,산이면,계,2760,1662,1390,97,44,39,20
해남군,산이면,관내사전투표,911,910,764,51,20,19,12
해남군,산이면,선거일투표,1849,752,626,46,24,20,8
해남군,문내면,계,3007,2206,1715,174,56,47,18
해남군,문내면,관내사전투표,1408,1408,1092,92,31,28,11
해남군,문내면,선거일투표,1599,798,623,82,25,19,7
해남군,화원면,계,2686,1779,1473,125,30,30,19
해남군,화원면,관내사전투표,1110,1110,931,60,15,13,12
해남군,화원면,선거일투표,1576,669,542,65,15,17,7
해남군,잘못 투입·구분된 투표지,,0,2,1,0,0,0,1
진도군,진도읍,계,7535,5913,4571,594,172,163,149
진도군,진도읍,관내사전투표,3892,3889,3060,350,106,103,84
진도군,진도읍,선거일투표,3643,2024,1511,244,66,60,65
진도군,군내면,계,2745,2269,1690,200,87,55,61
진도군,군내면,관내사전투표,1664,1663,1242,146,55,40,41
진도군,군내면,선거일투표,1081,606,448,54,32,15,20
진도군,고군면,계,2645,2088,1596,173,65,56,46
진도군,고군면,관내사전투표,1374,1374,1039,94,48,36,33
진도군,고군면,선거일투표,1271,714,557,79,17,20,13
진도군,의신면,계,2842,2260,1657,210,80,96,49
진도군,의신면,관내사전투표,1513,1513,1150,121,39,65,27
진도군,의신면,선거일투표,1329,747,507,89,41,31,22
진도군,임회면,계,2589,1959,1430,197,49,70,53
진도군,임회면,관내사전투표,1255,1255,937,109,29,36,30
진도군,임회면,선거일투표,1334,704,493,88,20,34,23
진도군,지산면,계,2274,1793,1258,204,69,46,45
진도군,지산면,관내사전투표,1147,1147,810,114,48,29,24
진도군,지산면,선거일투표,1127,646,448,90,21,17,21
진도군,조도면,계,1888,1379,994,114,53,37,31
진도군,조도면,관내사전투표,647,647,461,40,18,19,11
진도군,조도면,선거일투표,1241,732,533,74,35,18,20
진도군,잘못 투입·구분된 투표지,,0,2,1,1,0,0,0
영암군,영암읍,계,5954,4146,3193,451,92,163,89
영암군,영암읍,관내사전투표,2559,2557,2057,209,56,92,46
영암군,영암읍,선거일투표,3395,1589,1136,242,36,71,43
영암군,삼호읍,계,16468,7967,6315,739,208,369,121
영암군,삼호읍,관내사전투표,3303,3302,2722,213,76,150,45
영암군,삼호읍,선거일투표,13165,4665,3593,526,132,219,76
영암군,덕진면,계,1491,1060,817,109,31,36,15
영암군,덕진면,관내사전투표,627,627,504,48,16,23,11
영암군,덕진면,선거일투표,864,433,313,61,15,13,4
영암군,금정면,계,1684,1150,888,102,30,47,30
영암군,금정면,관내사전투표,839,839,660,65,21,29,22
영암군,금정면,선거일투표,845,311,228,37,9,18,8
영암군,신북면,계,2925,2031,1627,130,65,57,26
영암군,신북면,관내사전투표,1382,1380,1127,68,39,44,15
영암군,신북면,선거일투표,1543,651,500,62,26,13,11
영암군,시종면,계,2738,1797,1478,122,30,61,24
영암군,시종면,관내사전투표,1199,1199,992,70,19,44,14
영암군,시종면,선거일투표,1539,598,486,52,11,17,10
영암군,도포면,계,1728,1118,867,110,26,32,31
영암군,도포면,관내사전투표,621,620,494,45,13,18,18
영암군,도포면,선거일투표,1107,498,373,65,13,14,13
영암군,군서면,계,2465,1738,1336,159,38,72,22
영암군,군서면,관내사전투표,933,933,741,59,23,37,13
영암군,군서면,선거일투표,1532,805,595,100,15,35,9
영암군,서호면,계,1450,1000,752,104,31,34,23
영암군,서호면,관내사전투표,610,610,483,46,18,16,9
영암군,서호면,선거일투표,840,390,269,58,13,18,14
영암군,학산면,계,2653,1955,1495,172,55,91,35
영암군,학산면,관내사전투표,1374,1374,1075,100,33,62,22
영암군,학산면,선거일투표,1279,581,420,72,22,29,13
영암군,미암면,계,1523,968,751,82,22,47,20
영암군,미암면,관내사전투표,540,540,445,29,11,21,10
영암군,미암면,선거일투표,983,428,306,53,11,26,10
영암군,잘못 투입·구분된 투표지,,0,3,2,0,0,0,0
무안군,무안읍,계,8684,5802,4537,538,135,209,151
무안군,무안읍,관내사전투표,3679,3678,2971,276,79,136,82
무안군,무안읍,선거일투표,5005,2124,1566,262,56,73,69
무안군,일로읍,계,14215,7773,5852,859,244,317,275
무안군,일로읍,관내사전투표,2525,2523,1957,169,64,102,100
무안군,일로읍,선거일투표,11690,5250,3895,690,180,215,175
무안군,삼향읍,계,25732,12205,9531,1339,315,621,221
무안군,삼향읍,관내사전투표,4621,4621,3829,345,124,207,63
무안군,삼향읍,선거일투표,21111,7584,5702,994,191,414,158
무안군,몽탄면,계,2119,1502,1111,130,45,76,74
무안군,몽탄면,관내사전투표,878,878,652,65,28,49,45
무안군,몽탄면,선거일투표,1241,624,459,65,17,27,29
무안군,청계면,계,5479,3270,2468,331,87,166,66
무안군,청계면,관내사전투표,1621,1619,1295,139,28,73,26
무안군,청계면,선거일투표,3858,1651,1173,192,59,93,40
무안군,현경면,계,3566,2413,1774,225,66,140,57
무안군,현경면,관내사전투표,1217,1217,950,76,30,57,21
무안군,현경면,선거일투표,2349,1196,824,149,36,83,36
무안군,망운면,계,1529,1028,807,85,38,34,21
무안군,망운면,관내사전투표,550,550,440,39,20,18,11
무안군,망운면,선거일투표,979,478,367,46,18,16,10
무안군,해제면,계,4020,2781,2133,240,79,86,63
무안군,해제면,관내사전투표,1935,1935,1534,130,43,56,36
무안군,해제면,선거일투표,2085,846,599,110,36,30,27
무안군,운남면,계,2263,1478,1116,134,32,66,21
무안군,운남면,관내사전투표,832,832,638,64,18,32,8
무안군,운남면,선거일투표,1431,646,478,70,14,34,13
무안군,잘못 투입·구분된 투표지,,0,2,2,0,0,0,0
영광군,영광읍,계,16479,10067,7709,852,485,316,336
영광군,영광읍,관내사전투표,5367,5364,4274,365,232,162,136
영광군,영광읍,선거일투표,11112,4703,3435,487,253,154,200
영광군,백수읍,계,3436,2390,1673,195,113,98,103
영광군,백수읍,관내사전투표,1419,1417,1030,86,57,60,45
영광군,백수읍,선거일투표,2017,973,643,109,56,38,58
영광군,홍농읍,계,5225,3428,2341,485,187,73,172
영광군,홍농읍,관내사전투표,2085,2084,1495,246,112,39,81
영광군,홍농읍,선거일투표,3140,1344,846,239,75,34,91
영광군,대마면,계,1434,1035,703,72,133,43,18
영광군,대마면,관내사전투표,656,656,448,41,90,20,5
영광군,대마면,선거일투표,778,379,255,31,43,23,13
영광군,묘량면,계,1497,1078,802,92,63,50,29
영광군,묘량면,관내사전투표,684,683,516,55,38,26,23
영광군,묘량면,선거일투표,813,395,286,37,25,24,6
영광군,불갑면,계,1349,985,736,95,42,46,22
영광군,불갑면,관내사전투표,657,656,507,57,29,28,12
영광군,불갑면,선거일투표,692,329,229,38,13,18,10
영광군,군서면,계,2525,1920,1466,160,91,54,51
영광군,군서면,관내사전투표,1438,1436,1109,116,63,39,32
영광군,군서면,선거일투표,1087,484,357,44,28,15,19
영광군,군남면,계,1983,1382,983,122,64,49,49
영광군,군남면,관내사전투표,936,935,684,63,44,32,34
영광군,군남면,선거일투표,1047,447,299,59,20,17,15
영광군,염산면,계,3180,2251,1533,209,141,99,82
영광군,염산면,관내사전투표,1345,1344,937,110,73,59,55
영광군,염산면,선거일투표,1835,907,596,99,68,40,27
영광군,법성면,계,4135,2801,2076,215,154,85,112
영광군,법성면,관내사전투표,1710,1706,1323,100,86,40,65
영광군,법성면,선거일투표,2425,1095,753,115,68,45,47
영광군,낙월면,계,396,246,182,21,15,6,8
영광군,낙월면,관내사전투표,61,61,49,5,3,1,1
영광군,낙월면,선거일투표,335,185,133,16,12,5,7
영광군,잘못 투입·구분된 투표지,,0,20,11,3,2,0,1
함평군,함평읍,계,6249,4720,3675,465,104,207,84
함평군,함평읍,관내사전투표,2920,2919,2340,218,58,130,51
함평군,함평읍,선거일투표,3329,1801,1335,247,46,77,33
함평군,손불면,계,2500,1897,1389,170,63,72,34
함평군,손불면,관내사전투표,1336,1335,964,107,55,54,21
함평군,손불면,선거일투표,1164,562,425,63,8,18,13
함평군,신광면,계,1302,1051,786,95,26,54,20
함평군,신광면,관내사전투표,709,709,537,58,16,38,12
함평군,신광면,선거일투표,593,342,249,37,10,16,8
함평군,학교면,계,2658,1910,1447,165,58,81,36
함평군,학교면,관내사전투표,1221,1221,950,84,30,49,20
함평군,학교면,선거일투표,1437,689,497,81,28,32,16
함평군,엄다면,계,1415,1061,830,107,20,32,9
함평군,엄다면,관내사전투표,754,754,606,57,14,22,7
함평군,엄다면,선거일투표,661,307,224,50,6,10,2
함평군,대동면,계,2356,1733,1298,193,38,76,43
함평군,대동면,관내사전투표,1070,1070,828,91,20,42,30
함평군,대동면,선거일투표,1286,663,470,102,18,34,13
함평군,나산면,계,2098,1526,1142,155,59,66,16
함평군,나산면,관내사전투표,982,982,750,85,37,37,5
함평군,나산면,선거일투표,1116,544,392,70,22,29,11
함평군,해보면,계,2202,1577,1237,133,51,50,18
함평군,해보면,관내사전투표,1122,1121,904,67,34,30,10
함평군,해보면,선거일투표,1080,456,333,66,17,20,8
함평군,월야면,계,2793,1966,1507,185,72,70,36
함평군,월야면,관내사전투표,1245,1245,968,99,44,47,25
함평군,월야면,선거일투표,1548,721,539,86,28,23,11
함평군,잘못 투입·구분된 투표지,,0,3,1,0,0,1,0
신안군,지도읍,계,3714,2850,2051,290,75,105,60
신안군,지도읍,관내사전투표,2003,2002,1455,174,50,75,39
신안군,지도읍,선거일투표,1711,848,596,116,25,30,21
신안군,압해읍,계,5300,3961,3105,311,118,150,72
신안군,압해읍,관내사전투표,2541,2540,2019,163,63,100,37
신안군,압해읍,선거일투표,2759,1421,1086,148,55,50,35
신안군,증도면,계,1443,1058,785,119,21,26,22
신안군,증도면,관내사전투표,759,758,570,73,13,20,16
신안군,증도면,선거일투표,684,300,215,46,8,6,6
신안군,임자면,계,2425,1829,1179,258,43,117,42
신안군,임자면,관내사전투표,1283,1283,819,166,29,81,35
신안군,임자면,선거일투표,1142,546,360,92,14,36,7
신안군,자은면,계,1930,1385,960,153,64,74,26
신안군,자은면,관내사전투표,863,862,602,82,30,47,18
신안군,자은면,선거일투표,1067,523,358,71,34,27,8
신안군,비금면,계,2610,1948,1475,143,41,76,56
신안군,비금면,관내사전투표,1269,1269,991,80,29,41,28
신안군,비금면,선거일투표,1341,679,484,63,12,35,28
신안군,도초면,계,1879,1471,1119,99,29,53,37
신안군,도초면,관내사전투표,1142,1142,872,70,23,36,28
신안군,도초면,선거일투표,737,329,247,29,6,17,9
신안군,흑산면,계,2149,1567,1205,108,51,40,40
신안군,흑산면,관내사전투표,741,741,574,47,21,19,19
신안군,흑산면,선거일투표,1408,826,631,61,30,21,21
신안군,하의면,계,1201,886,700,66,21,19,9
신안군,하의면,관내사전투표,642,642,506,42,16,13,7
신안군,하의면,선거일투표,559,244,194,24,5,6,2
신안군,신의면,계,1020,762,549,72,24,37,20
신안군,신의면,관내사전투표,544,544,391,55,16,23,13
신안군,신의면,선거일투표,476,218,158,17,8,14,7
신안군,장산면,계,1123,863,630,76,26,24,14
신안군,장산면,관내사전투표,658,658,482,47,17,18,12
신안군,장산면,선거일투표,465,205,148,29,9,6,2
신안군,안좌면,계,2460,1710,1244,207,39,61,38
신안군,안좌면,관내사전투표,1060,1060,781,113,24,37,20
신안군,안좌면,선거일투표,1400,650,463,94,15,24,18
신안군,팔금면,계,783,620,456,53,17,14,15
신안군,팔금면,관내사전투표,486,486,356,42,9,10,11
신안군,팔금면,선거일투표,297,134,100,11,8,4,4
신안군,암태면,계,1570,1226,896,127,35,48,25
신안군,암태면,관내사전투표,841,841,618,84,20,30,15
신안군,암태면,선거일투표,729,385,278,43,15,18,10
신안군,잘못 투입·구분된 투표지,,0,1,1,0,0,0,0
